{
    "name":"CylinderGeometry.1",
    "uvs":[[0.084465,0.703648,0.06941,0.60866,0.078635,0.120161,0.098594,0.21515,0.71526,0.277297,0.753074,0.247022,0.76181,0.275196,0.788621,0.274594,0.775783,0.230259,0.271149,0.551186,0.256312,0.55318,0.252753,0.064682,0.274293,0.062688,0.727723,0.230969,0.736184,0.204464,0.101718,0.799869,0.119245,0.31137,0.69819,0.232869,0.689523,0.206842,0.241522,0.61388,0.226414,0.710101,0.212012,0.221602,0.231953,0.125382,0.675861,0.251553,0.653735,0.236134,0.208866,0.805089,0.179534,0.862563,0.167757,0.374064,0.191243,0.316591,0.669092,0.279211,0.642813,0.280063,0.054619,0.551186,0.057762,0.062688,0.67785,0.306576,0.656502,0.323455,0.129689,0.860569,0.142541,0.37207,0.702025,0.324256,0.69416,0.351267,0.73212,0.322117,0.741401,0.348154,0.754745,0.303213,0.777204,0.318658,0.967385,0.760185,0.929199,0.749198,0.929199,0.696532,0.967385,0.68563,0.91751,0.820502,0.893967,0.791806,0.83681,0.843541,0.83696,0.808081,0.75611,0.820502,0.780555,0.791634,0.706235,0.760185,0.745323,0.749026,0.706235,0.68563,0.745323,0.69636,0.75611,0.625314,0.780555,0.653753,0.83681,0.602275,0.837561,0.637478,0.91751,0.625314,0.894568,0.653753,0.844027,0.368008,0.870775,0.274184,0.76691,0.427189,0.67013,0.432108,0.590976,0.376038,0.559487,0.282207,0.58547,0.185773,0.665232,0.125987,0.763749,0.125221,0.844369,0.180755,0.092704,0.772673,0.109094,0.894645,0.089672,0.740868,0.079363,0.705131,0.072552,0.588097,0.066659,0.63803,0.055714,0.495662,0.053855,0.597431,0.270385,0.597431,0.272244,0.495662,0.255302,0.498869,0.257471,0.598839,0.238426,0.596493,0.24466,0.641718,0.221155,0.751246,0.231912,0.709689,0.201373,0.903041,0.218239,0.776361,0.173165,0.995476,0.19499,0.816961,0.136661,0.992269,0.114188,0.815552,0.99705,0.274252,0.934213,0.115278,0.804211,0.016406,0.633818,0.009412,0.485806,0.108274,0.424825,0.286243,0.499799,0.453959,0.640525,0.5362,0.800002,0.5362,0.938352,0.441146,0.101167,0.135757,0.121559,0.210547,0.143588,0.257727,0.209432,0.140773,0.229824,0.065984,0.251853,0.018804,0.275092,0.017254,0.166826,0.259277,0.080711,0.061926,0.188976,0.214604,0.058561,0.017254,0.047619,0.03,0.264149,0.03]],
    "vertices":[1.8282,-0,-2.5163,0,13.6699,-1e-06,0,5.66671,-4.0016,0,13.6699,-2.95845,2.35208,5.66671,-3.23736,1.73893,13.6699,-2.39344,3.80575,5.66671,-1.23656,2.81365,13.6699,-0.914211,3.80575,5.66671,1.23656,2.81365,13.6699,0.91421,2.35208,5.66671,3.23736,1.73893,13.6699,2.39343,-0,5.66671,4.0016,-0,13.6699,2.95845,-2.35208,5.66671,3.23736,-1.73893,13.6699,2.39343,-3.80575,5.66671,1.23656,-2.81365,13.6699,0.91421,-3.80575,5.66671,-1.23656,-2.81365,13.6699,-0.914211,-2.35208,5.66671,-3.23737,-1.73893,13.6699,-2.39344,0,5.66671,-2.83135,1.66152,5.66671,-2.30993,2.6884,5.66671,-0.896549,2.6884,5.66671,0.850481,1.66152,5.66671,2.26386,-0,5.66671,2.80372,-1.66152,5.66671,2.26386,-2.6884,5.66671,0.868918,-2.6884,5.66671,-0.878113,-1.66152,5.66671,-2.29149,0,12.5231,-4.0016,2.35208,12.5231,-3.26346,3.80575,12.5231,-1.26266,3.80575,12.5231,1.21046,2.35208,12.5231,3.21127,-0,12.5231,3.9755,-2.35208,12.5231,3.21127,-3.80575,12.5231,1.23656,-3.80575,12.5231,-1.23656,-2.35208,12.5231,-3.23737,-3.63529,10.9087,3.75331,-0.116559,10.7062,-1.41385,3.78287,6.04968,-5.23913,6.12082,6.04968,-2.02122,6.12082,6.04968,1.95633,3.78287,6.04968,5.17423,-1e-06,6.04968,6.40336,-3.78288,6.04968,5.17423,-6.12082,6.04968,1.9983,-6.12082,6.04968,-1.97925,-3.78287,6.04968,-5.19716,-0,6.04968,-6.42629,-0,9.29021,-5.8885,3.46553,9.29021,-4.80094,5.60735,9.29021,-1.85298,5.60735,9.29021,1.7909,3.46553,9.29021,4.73886,-1e-06,9.29021,5.86487,-3.46553,9.29021,4.73886,-5.60735,9.29021,1.82935,-5.60735,9.29021,-1.81453,-3.46553,9.29021,-4.76248,-2.11344,4.84279,0.924419,2.35208,0.798377,-3.23736,0,0.798377,-4.0016,3.80575,0.798377,-1.23656,3.80575,0.798377,1.23656,2.35208,0.798377,3.23736,-0,0.798377,4.0016,-2.35208,0.798377,3.23736,-3.80575,0.798377,1.23656,-3.80575,0.798377,-1.23656,-2.35208,0.798377,-3.23737,0,0,0,0,-0,-3.11032,2.95809,-0,-0.961141,2.95809,0,0.961141,1.8282,0,2.5163,-0,0,3.11032,-1.8282,0,2.5163,-2.95809,0,0.961141,-2.95809,-0,-0.961141,-1.8282,-0,-2.5163],
    "metadata":{
        "uvs":1,
        "generator":"io_three",
        "type":"Geometry",
        "vertices":85,
        "version":3,
        "materials":1,
        "normals":70,
        "faces":90
    },
    "materials":[{
        "blending":"NormalBlending",
        "DbgName":"mushroom",
        "DbgIndex":0,
        "colorSpecular":[0.5,0.5,0.5],
        "specularCoef":50,
        "depthWrite":true,
        "colorEmissive":[0,0,0],
        "depthTest":true,
        "visible":true,
        "DbgColor":15658734,
        "opacity":1,
        "transparent":false,
        "wireframe":false,
        "colorDiffuse":[0.64,0.64,0.64],
        "shading":"phong"
    }],
    "normals":[0.809017,-0.587785,0,0,-0,-1,0.22831,-0.716738,-0.658909,0.809017,0.587785,-0,0.607792,-0.441587,-0.659992,0.309017,-0.951056,0,0,0,-1,0.756267,0,-0.654264,-0.309017,0.951057,-0,0.615891,0.447471,-0.64842,-1,0,-0,0.236211,0.726982,-0.64475,1,0,-0,-0.236211,0.726981,-0.64475,-0.309017,-0.951056,0,-0.612269,0.448201,-0.651339,0.309017,0.951057,-0,-0,0,-1,-0.756267,0,-0.654264,-0.809017,0.587785,-0,-0.611833,-0.444523,-0.654264,-0.809017,-0.587785,0,-0,-0,-1,-0.233699,-0.719252,-0.654263,-0.270183,-0.831539,-0.485328,-0.707099,-0.513738,-0.485885,-0.873523,0,-0.486784,-0.703404,0.517807,-0.486927,-0.2701,0.831283,-0.485814,0.2701,0.831283,-0.485814,0.706965,0.51364,-0.486185,0.873523,0,-0.486784,0.706424,-0.513248,-0.487382,0.261599,-0.833584,-0.486522,0.033226,-0.105873,0.993824,0.089567,-0.065074,0.993853,0.110887,0,0.993833,0.089853,0.065282,0.993813,0.034354,0.105732,0.993801,-0.034354,0.105732,0.993801,-0.089266,0.065713,0.993838,-0.110887,0,0.993833,-0.089924,-0.065334,0.993803,-0.034399,-0.105869,0.993785,0.295741,-0.942379,-0.156393,0.799017,-0.58052,-0.156747,0.987678,0,-0.1565,0.79908,0.580565,-0.156254,0.305229,0.939398,-0.156102,-0.305229,0.939397,-0.156102,-0.795393,0.585524,-0.156559,-0.987678,0,-0.1565,-0.799095,-0.580577,-0.156131,-0.305238,-0.939427,-0.155903,0.211871,-0.652071,0.727952,-0.21187,-0.652071,0.727952,-0.211871,0.652071,0.727952,0.554685,0.403002,0.727952,-0.554685,-0.403002,0.727952,0.554685,-0.403002,0.727952,-0.554685,0.403002,0.727952,0.211871,0.652071,0.727952,0.685628,0,0.727952,-0.685628,0,0.727952,0,0,1,-0,0,1,-0,0,1,0,0,1,0,0,1,0,0,1],